,Fonts
0,Berthe Script Font
1,Hegorustow Font YR
2,Haleigh Script
3,Zenit Script
4,Academy House Font
5,Maloishe Brush Script Font
6,Without You Typeface
7,ROSAGH
8,Strong Heart - Font Duo
9,WinterLand Font
10,Norman Font
11,Hokuto Asian Font
12,Axelentia Natural Brush
13,Augustia Signature Typeface
14,Jumper Script Fonts
15,Wonderlove
16,Pinkalova - Handwritting Script Font
17,Claude Handwritten Font MS
18,Bouchers Layered Duo
19,BRUSHEO
20,Black Stone Marker + SVG
21,Pudding
22,Shellahera Fontpack
23,Scarlette Script
24,Lushmore Font Trio
25,Majestic Script
26,Beautylove Script
27,Branda - Dry Brush Web Font
28,Jovial Font Family
29,Bettarria Signature Typeface
30,Ansterdam - Clean Signature Font
31,Saint James Script Font
32,Fanastiko - Signature Font
33,Holland Classy Font
34,Maximus Sans - A Geometric Sans family of 8 Fonts
35,Baling Ink
36,Chamberline and Doodle vector
37,Cest Lavie Font Duo
38,Damnright Typeface
39,Mahatma Typeface
40,Edelweis Script
41,Lightening Script signature font logotype
42,Annisa Script Font
43,Handler
44,Zailla Script - Elegant Luxury Logotype
45,Astrud Miller
46,Atorak Typeface
47,Trapline Typeface
48,Hillary Script + Webfonts
49,Lanara Script Font
50,Reckless Font Trio
51,Outshine - Luxury / Handwritten Font
52,Furiosa
53,Vesterly Signature Handwritten
54,Matauro
55,Traveller
56,Silk Remington
57,Brighter
58,Anindita Script
59,The Clouds Family
60,Hello Sweets Script
61,Vanessa handscript
62,Sarah Loewe
63,Enyo Slab
64,Mosstter
65,Watermelon Sorbet Brush Script
66,Bouncy Castle
67,Belymon Script
68,Hannding Script Duo
69,Billow Font
70,Antiqena Script
71,Mon Cheri Typeface + Extras
72,Cukers - A Handwritten Font
73,Whimsy
74,Andora Typeface
75,Troophs - Brush Fonts
76,Bright Sight
77,Blessed Script
78,Akula Font
79,Menulisted Brush Script
80,Galatia Script
81,Halosense Script
82,Willbelove Brush Script + Webfonts
83,Casella - Beauty Handwriting Font
84,Nefalin Yummy Font
85,Electro Soul
86,Smooth Boy
87,Mister Rooster font
88,Starlose Signature Font
89,Splash - Professional Signature
90,Evelyn - Wedding Script Elegant Luxury
91,Strollers Typeface
92,Rottarity Feminine + Webfonts
93,Sannie Typeface
94,Charlotte | Handwritten Font MS
95,Jellly Bean Script & Sans Fun Font
96,Amelina Script
97,Amithen Brush Font
98,Harmony King - Brush Font
99,Lulla Font - A Lovely Script Font
100,Solevate Typeface
101,Bouchers Type Collection
102,Frankey Vintage Font
103,you are stranger
104,Northern Lights Brush Script Font
105,Paintline
106,Skyoval Typeface
107,Realvish
108,Astrolight Signature
109,Midtown Stylish Script
110,Delitha Script
111,Breakfast and Chill
112,BloodStone Typeface
113,Bulgatti Luxury Script
114,Fontbliz
115,Bantham Typeface
116,Tamaki-Pro
117,Bloomsky - Signature Logotype Brush
118,Adevale script
119,Butterscotch Popcorn
120,Faithful Typeface
121,Wasatsh Brush
122,Almond Font
123,Asmiyati | A Luxury Script Font
124,Cinesta Font
125,NORWAY - Unique Display / Headline Typeface
126,Brulee | Font Duo
127,Agrem Typeface
128,Walmath
129,The Northwest - Textured Vintage Type Family
130,Litesha Script
131,Santoro Script
132,mighty heart - font duo
133,Beri Sintta
134,Faceback - SVG Brush Font
135,Love Mile
136,Bentonite Script
137,Bold Ink Simple Font
138,Ginusto Family
139,Daniela Script
140,Anthares
141,Rampage Monoline Script
142,Marison Type Collection
143,Envato Elements on YouTube
144,Kallisa - Handrawn Brush Font
145,Beloved script
146,Glamour Font+ 90premade Logo+Pattern
147,Outistyle
148,Jandys Typeface
149,Austral Slab
150,Endless Sorrow
151,Banaue Extended Brush Font
152,Shiver Script
153,Twice Bubble Logotype Font
154,Brainlove - Beautiful Modern Calligraphy
155,Sign 45 Typeface
156,Willian Elegant Bold Script
157,Just Kelly Justine Font Duo
158,Jacks Font
159,Bettilafea Font Duo + Webfonts
160,Silhouette Elegant Dry Brush Font
161,Italo
162,Wilder
163,Kwixter
164,Honeycomb Font
165,California Jackpot Font
166,Bogart Script
167,Nobbler Typeface
168,Flipper - NFC Font Family
169,Shemory Script
170,Chaniago Natural Brush Typeface
171,Beachcomber
172,Andora Typeface Stamp
173,Silk Remington PRO
174,Extraordinary - Handmade Font
175,Aracne
176,Brillia Script
177,Kelasik Handmade Font
178,Day After End
179,Candace A Handwritten Font + Bonus
180,To Dear
181,Baksoda
182,Rise & shine
183,Burtons
184,Cheddar Gothic Rough Font
185,Mallicot Script
186,Julianne
187,Acids Font
188,Premier Script
189,Widely
190,Berrta Signature Typeface
191,Billiard Font Duo
192,Angelonia
193,Evelyne Script
194,Wilfur Script
195,Fly and Walk Typeface
196,Denmark - Modern Brush Font Script
197,Menttion Script
198,Bitthai Script
199,Pollistons Signature Font
200,Honey Bun - Typeface
201,Thatcher Script
202,Brandall
203,Mira & graphic watercolor & swirls
204,Brittney
205,Aaron Script
206,Reshonta Script
207,Magehand
208,Delimax
209,Amsterdam Font Collection
210,Storyland Font Toolkit
211,Jatayu Scipt Font Layered
212,Resize Typeface
213,Ms. Nicky - A Playful Font
214,The Braggest
215,Ruffest
216,Meraki SVG Script Font
217,Sprightful Typeface
218,Beckman Demons - Signature Font
219,Supreme Script + SVG
220,Mountain Script
221,The Sinatra - Handmade Font
222,Lance Sans & Serif Font Duo
223,Felician Monoline Script
224,Oilvare Font Family
225,Captain Koons
226,Kitty Fat - Handwritten Font
227,Miguella Script Elegant Wedding Font
228,Hello Bellinda - Signature Wedding Script Font
229,Hometown
230,Eiffell Brush Script Font + Extras
231,Leibra Typeface
232,Legacy Typeface
233,Aracne Condensed
234,Singapore Landscape
235,Allexandrea Script
236,Mattosa Script
237,Stay High Logotype
238,New Sun Playful Font
239,Lucinda Script
240,Arcadia-Nova Handwritten / Luxury / Script Font
241,Amigos Typeface
242,Rumble Brave Vintage Fonts
243,Buenos Script
244,Mother Day Font
245,Brilliant Script
246,Forever Summer Font Duo
247,Clark & Lou
248,Maghody Script
249,Leira Extended Hand Drawn Brush Font
250,Amist Mystical Script
251,Chill Pill
252,Deadhead Script
253,Brooklyn Script
254,Fanland Script
255,Karmela
256,Zeuty Font Collection
257,Onetime 2.0
258,Sonophone - Typeface
259,Jimmy Font Duo
260,Rotterdam - Unique Handwritten / Display Font
261,Chamelia Script
262,Morriles - SVG Font
263,mibrush
264,Sanös Brush Script Font
265,Carissa Wellington
266,Savory
267,Bunglon Chameleon and Bonus Vector
268,Elrotex Brush Font
269,Wasabi Asian Style Font
270,Sanös Extended Script Font
271,Underland
272,Rockaway Beach
273,Bullstander 6 Font Set Signature Monoline
274,Hattes Typeface
275,Paradise Typeface
276,Katrina Script
277,Bottle Massow Typeface
278,Gelombang Font
279,Brighton Script
280,Pixie Ring Font with Illustrations
281,Haruko - Brush Font
282,Rainy Days - a Playful typeface
283,Leymark
284,Flourish Script
285,Minted Mood | Font duo
286,The Youngest Font
287,Sandat Script
288,Novitha Script
289,Akiko & Kiota
290,Austten
291,Royal Twins Font
292,Monoline Script Collection - 3 Fonts
293,Cemberline Typeface
294,Crutsen
295,Hunk Brush Typeface
296,Quillenghton Typeface
297,Ignorance
298,Sophia Script
299,Lotte - Fashion Script
300,Muthea
301,Elisabetta Script
302,Good Vibes
303,Sunshine Font
304,Citrus
305,Stoner Bold
306,Archstone Script
307,Fantica
308,Nastar Script
309,Donita Script + Webfonts
310,Moonface Script
311,Quartz Script
312,Beatlight
313,Histeria Script
314,Shiraz
315,Leafy Extended Brush Font
316,Manny Script
317,Tagliner - Handwritten Font
318,Raph Lanok Typeface
319,Delighted Script
320,The Real Magazine
321,Resillia Script
322,Franklyn 1706
323,Paperfly Font Duo
324,illusias
325,Ilana Bloom
326,Hard To Love Typeface
327,Charlie Script Font
328,Dattsy Signature Brush Font
329,Arthemis Script - Logo Font
330,Keishue Script font YR
331,Recipe Daily Typeface
332,Stephen & Gillion - Signature Script
333,Botthanie
334,Frosty Sky Font
335,Wonder Sunshine Typeface
336,Hello Santtiny Brush Script
337,Gianluca
338,Breaking Mad Font
339,Ladytron Script - Logo Font
340,Serpong Typeface
341,Ragtime - Brush Font Duo
342,Sadines Sans
343,Quattro Typeface
344,Neato Serif Font Family
345,Woys
346,Antonie
347,Stay Weird - Brush Font + Swashes
348,TakeEasy Brush Font
349,Bhatoshine Duo
350,Scripter
351,Whippin Piccadilly font
352,Kust Brush Font
353,Routen Lightning Monoline
354,Redtown Font
355,Signattury Signature Font - Free Sans
356,Shadow Boxing Font Duo
357,Broke Typeface
358,rautila font
359,Avelline Luxury Font
360,Silvia
361,Pratiwi Typeface
362,Diana Webber - SVG Font Duo
363,Iceroll Font
364,Harmonie Script
365,Parlour
366,Austhina Brush Script
367,Panterick // Handwritten Font
368,Challista Script
369,Dankita Script
370,Yahiko Playful Handwritten Font
371,Zurich Typeface
372,Astronout Signature Typeface
373,Martinaz
374,Shallom
375,Keyline Script Font
376,BiteChalk Typeface + extras
377,Buddy Bear
378,Boneless - Plus Bonus
379,Morenthya Script
380,Revallyna Script
381,Quickly
382,Elyn Alina - Handmade Font
383,Pathways | 4 Styles + Bonuses
384,Asgard - Signature Font
385,Destructtion Script Font
386,Besom Extended
387,Pustoh
388,Smoothline Script
389,Billenia - Script Font
390,Hamline
391,Naishila Font Duo
392,Summers Typeface + BONUS vector
393,Vinyl Script
394,Little Summer Font
395,Hello Lary Font
396,Pumpkin
397,Bliss Script Stylist!
398,Selfish Font
399,Glypher Modern Font
400,Carolinea Typeface
401,Beauty of Dandelion Script Wedding Font
402,Bellanie Script
403,Honesty Script
404,Ghoul
405,Martabak Script
406,Strongman Script
407,Aloja Light Font
408,Ranuella Script
409,Choco & Chips - Beautiful Various Script
410,Fabulous Script
411,Artzopo Font
412,"Story Dream, Script & Display"
413,Gamot Typeface
414,Raidand - Brush Script Font
415,Rosetica Smooth Script - UPDATE
416,Wilder and Handrawn Font Pack
417,Kingsman Script
418,Venture -  Handmade Font Script
419,Monkey Sausage! Funny Font
420,Braisetto Font Family
421,Coffeelover Font
422,Free Style Marker
423,Gazillions Script Font Duo
424,Every Summer
425,Desyanti Script
426,Nadhine Script
427,Dear Sasha Font Pack
428,Oceanwaves Typeface
429,Reshuffle Script Font Luxury Elegant
430,Big Reputation - Font Duo
431,Bigshine Script
432,NERMOLA Scripcy Font
433,Denali
434,Matterhon Script
435,Wayfarer
436,Little Wonder font
437,Always Happy Font
438,My Dear Script
439,Bretageds Brush Font
440,Chalisto Script + Extras
441,Stray Bullets
442,Octavia Script
443,Sabatons - Vintage Font Duo
444,Just Marriage Font Duo
445,Moksha - Hand Painted Brush Font
446,Glory Of Love
447,Squareslam - NFC Font Family
448,Wavetone Typeface
449,Raport Duo Font
450,Strengthen Script
451,Amberian Font Signature
452,Zeligh Typeface
453,Abigaile Script Font
454,Junior - Line Font
455,HajarBleh Brush Font
456,Margot & Margery
457,Bambi Fonts
458,virmigo Scrip
459,Owissa Story - Font Duo
460,Staychill Brush Font
461,Cosmodrome Monoline Script Font
462,Oklahoma Handwritten Script
463,Daviton SVG - Freestyle Font
464,Harper Moe
465,Catalina Script
466,Amberland Script
467,Amber Queen - Signature Font
468,Kelium
469,Rainy Day Typeface
470,Applejack
471,Beauty Angelique Script
472,Quickly Charms - Brush Font HR
473,Artur Script
474,Twinkle Star Font
475,Outrunner 80's Retro Script
476,Kamikaze SVG Font
477,Eberthany Brush Script
478,Roomfer font + Style Photoshop
479,Lunchbox Slab Bold
480,Kahitna
481,Andy One Font
482,Lick a Candy
483,Lunchbox Slab Light
484,Thyme Font
485,The Quakeer - Display Font RG
486,Fontrust
487,Sambay Typeface
488,Charlotte Calligraphy
489,BrideChalk Typeface ( 3 FONT + EXTRAS)
490,Realita Color Font
491,Hillstand
492,T-grungz Font
493,Manhattan (2 fonts)
494,Steelmond Lettering Logotype Font
495,Blackout
496,Riotiks
497,Stranglethorn YR
498,Santoy | Hand Lettering Font
499,Sheiral Script
500,Latter Slant | Signature Font
501,The Stopped Brush Typeface
502,Dear Jane Script
503,Narrabeen Brush
504,Harsey Type ToolBox
505,Swanish Typeface
506,Total Young
507,Garry Tall Font
508,Sheraton Script
509,Montagne Typeface
510,The Harmony Typeface
511,Young Blood - SVG & Solid
512,Belvedere
513,June Morning Font
514,Lindsey Smith Script signature Luxury
515,Marlena - Script Retro Font
516,Lunchbox Slab Regular
517,Storing
518,Knuckle Sandwich
519,Kudeta - Handmade Font Script
520,Stay Classy - Font Family
521,Belmatiar
522,Flash Script
523,Mistrully Brush Script
524,Vanilla Daisy
525,Falbench Brush + Webfont & SVG
526,Sureder Stylish Script Font
527,Falling Slowly
528,Heiger
529,Simplicity Typeface
530,Rude Cookie Font Layer
531,The Grimm Brush Typeface
532,Native + Instapress
533,Retro Thunders - Retro Font
534,Billey - Handwritten Script
535,Islander Font Brush logotype
536,Mystique Marker Font
537,Pink Lady Font Duo
538,Sidaghis
539,After Sunset Handwritten Condensed
540,Amelia Script
541,Reidfork Typeface + Textpress
542,Nufertum
543,Eastside Brush - Casual Fonts Trio
544,Everything Calligraphy
545,Incise pro - Handwritten typeface + Webfont
546,Script Calm + 100 Elements
547,Spagheti Script
548,Bentley Script
549,Quente Script
550,Everglow Script Font Duo
551,Rhinos Rocks Brush Font
552,Dellux - Modern Script Font
553,The Gwathmey Signature Script
554,Sweet Pancake
555,Erydan Font
556,Habbit Typeface
557,Beautiful Dreams - Font Duo Brush Font
558,Shinthia Script
559,Gullick
560,Rollete Qaku SVG & Regular font
561,Astel Script Typeface
562,Farmhand Font Family
563,Rattles Signature Font Duo
564,Emillyne
565,Wonder Stark Font
566,Wellday Brush Font
567,Gloriant Signature Script
568,Dear Disya - Handwritten Script
569,Live in Portland
570,Auckland - Bold Script
571,Espa Brush Font
572,Wonderscript Calligraphic Font
573,Smoothie Font Duo
574,Airpena Rustic Display Font
575,Moorgate
576,Aesthetic White
577,Woodnote Font Duo
578,Suddenly - Signature Script
579,Richard Keild
580,Shutter Stone - Signature Script
581,Minority
582,Summter Script
583,Sidebook Script Font
584,Gladise Typeface
585,Holyhand Script
586,Allison Style - Font Duo
587,Meetha Script
588,Chrei SVG Brush Font
589,AutoRich Monoline Script
590,Divine Razier Font
591,Thirdlone Font Duo & Vector Pack
592,Matchstic - Logotype Font Brush
593,Salada - Funny Style Font
594,Siberia
595,Dragtime - Handwritting Script Font
596,Smarch
597,LeOsler
598,That Lembuts SVG & Brush Fonts
599,Andara
600,My name is Buffy
601,Stay Wildy
602,Capella Typeface
603,Nightflashes Font
604,Michaela Script
605,Datto Typeface
606,Dazey Display
607,Kottam Typeface
608,Big Sundays
609,Osturria Typeface
610,Quite Hustle
611,Rising Brush Script Signature logotype
612,Sweetness Script
613,Youthlove Script Font
614,Los Banditos Font Duo
615,Pellony Kind Cute Script
616,Apple Juice Font
617,Its Tasty Missmallove Font Duo
618,Amstonia Signature
619,Meillina Natural Font
620,RofiTaste Typeface
621,Absolute Font Duo
622,Moalang X
623,Pathout Script
624,Love Hewits Typeface
625,Yellove Duo - Fun Casual Handwriting Fonts
626,Black Mountage - Brush Font
627,Hibernate Two Style Font
628,Anthem Script
629,Historia Sky - Font Duo
630,Hellena Script
631,Funkies Bold Script Font
632,Sinisuka
633,Hometown - Clean And Rough
634,Monday Script
635,Lucyna Font Duo
636,Paula Paulina
637,Southampton Signature Style
638,Carlagata
639,Manticore - Brush Font
640,American Traditional
641,Mellony brush script font
642,Indulge Script | Font
643,Castillo Font
644,Hard Stones Family
645,Averto - Handwritten Script Font
646,Lost in the woods
647,Broken Dark Typeface
648,Drama Queen Script
649,Fonts Bundle.
650,bella script
651,Elektra Handwritten Font
652,Pipetton Font Duo
653,Norquay
654,Magdaline - Lovely Script
655,Beshiny
656,Amorie Nova Font Family
657,LONSSA ORNAMENT - Fancy symbol v.1
658,Groovy - Retro Font
659,Gibrael
660,Jenice
661,Ramblin Font Duo
662,Vintage Ink Font
663,Cassnemo
664,Agustine Script
665,Carino - A Modern Elegant Typeface
666,The Frenttel
667,Goodfy
668,Sydhartta Stylish Signature
669,Riverside Font Duo
670,The Great Outdoors
671,Lemonade
672,Stantic Typeface
673,Black And White Typeface
674,Banggar - Signature Font
675,The Painter
676,Vrugoth - Handmade Font
677,Allitha
678,Vanilatte Font Duo
679,Its Miss Quakers
680,Supartiny Typeface
681,Billy Handwritten UX Typeface + Web Fonts
682,Michail Script
683,Inside Me Font
684,Cute Kraft Fonts
685,Rouged Brush
686,Stampson Typeface
687,DARK MONK - Brush Font HR
688,Ripon Font Duo
689,Boston City
690,Routhers Retro + Extrude
691,Rhosetta Script
692,Black Pearl Font Duo + Extras
693,Milk And Shake
694,Billiony Typeface Font
695,Heartwell
696,Willshering Script
697,Asking Mind
698,Realism Font
699,Bouchers Script Font Duo
700,Briberra - Rough Bold Script
701,Retylle Solyta Monoline
702,SokaQola Font
703,Twenty Nine Font
704,Must Have | Handwritting Font
705,Wildlove Script Font
706,My Way Script
707,Sheilazain
708,Caliope Font
709,Adorabelle Elegant Wdding Font Logotype
710,The Brewski - Textured Typeface
711,Patronia Script
712,Madoxx Brush Typeface
713,Enthusiast Behavior - Stylish Signature Font
714,Peomy Extended Font & Illustrations & Logos
715,Ottodisom Typeface
716,Hamilton SVG Font Collection
717,Bulgaria Script
718,Resign Modern Brush Font
719,Oatmeal Jack
720,Endless Script
721,Almahira Script Font YR
722,Amazing Boombs SVG Font
723,Mr Haikal Typeface
724,Colorado Springs Font
725,Real Stones - Clean And Rough
726,Candy Color Font
727,Buckwheat Opentype SVG Fonts
728,Southlove Script Font
729,Sengkaling Script
730,Escalope
731,brushgyo typeface
732,Estrela Luxury Signature
733,Paduka Script + Webfonts
734,Pennello Script
735,Behavior Indihome | Signature Font
736,Aracne Ultra Condensed
737,Sophia Christie Script
738,Phelovetica
739,Rawkstone Font Duo
740,Holiday - Creative Script Font
741,Billion Script + Webfont
742,Carosello
743,Aurelie Smith - Signature (+EXTRA)
744,Allessa Script
745,Emargo - Rough Typeface
746,Darling Suttine | Signature Font
747,Little Jack
748,Rockaboy 4 Style Font
749,Burnts Maker
750,The Majority Script
751,Wild Broads - Authentic Brush Font
752,White Apparel Signature Font
753,Roxborough CF | calligraphic serif
754,Hearth & Home Font Duo
755,Lativa
756,"Handwritten font ""Sharpie"" for notes"
757,Rottles Signature Font
758,Last Rose Font
759,Catalina Typewriter
760,Original Sin
761,Bouquet Typeface
762,Aviliator Brush Font
763,Saekana Script
764,Brenda Script
765,Hangover Script
766,Lunchbox Light
767,Mortaguais Display Font Monoline
768,Pastelle SVG Font
769,Roselind Handwritten Font with Swashes & Ornaments
770,Millionaire Font
771,Watch
772,Wayback
773,BlackShake
774,Brownie Font Duo
775,Berthilda Script
776,Amigirl Script
777,Mallow Typeface & EXTRA Mockup
778,Hidoku Script Typeface
779,Marttabuck Script
780,Dorayaki Script
781,Glorydays
782,History Font Trio
783,Arissa
784,Nichole Script
785,Sveglia
786,Jellysugar Typeface
787,Lollitus Font Duo
788,Greatly Font Duo + Logo Templates
789,Beauty Heart Script
790,Composition Font + Extras
791,Hipstetic Font Family
792,Casual Brush
793,Casses Font
794,Zurika
795,Markos Brush Typeface
796,Tall Fall Font
797,Murray Script Font Duo
798,Mastura
799,Sweethart Font
800,Honeymoon Script
801,Envato Elements on Facebook
802,Amora Script
803,Winchester Signature Script
804,Sharon Baker - Modern Script
805,Cindelia
806,Ourstory Font Duo
807,Brittany Signature Script
808,Becycle Brush Font Script
809,The Kathy Room
810,Billy Ohio Typeface
811,Jean Jingga - Beautiful Handwritten Styled Font
812,Black Space SVG Font
813,Kimberly Script Font
814,Stuarte
815,Amnesty - Handwritten Font Duo
816,Paintbridge
817,Wild Zova - Brush Font
818,Natalia Script
819,Mahoni
820,Shutten Reason - Duo Handwritting Brush Font
821,Gustave SVG Font
822,Asthenia
823,Like Father Like Son Typeface
824,Fusioner Typeface
825,Lidyna Script
826,Susanti Signature Font
827,Richardson - Signature Brush
828,Deepo - Handwriting Font
829,Draw Your Brand
830,Papaya Sunrise
831,ANGELLIFE
832,Bumpy Typeface
833,antara script font
834,Brave Typeface
835,Sanango
836,Adleit Script
837,Philadelphia Siganture Font
838,Katastrophe Font
839,Milestone Fonts
840,Active Font Family
841,Mutiara Vintage
842,Floral Thunder Font Duo
843,Matthew Rough
844,Sweetshy Font Collection
845,Gethania Script
846,Albertyna Script
847,Brixton Line
848,Cute Thing Font Duo
849,Camelopardalis Font
850,Chocolate Heart
851,Jollie Typeface
852,Society Typeface
853,Alabasta Script
854,Velguife Script Font YR
855,Tracker - Vintage Style Font
856,Funtastic Youth Typeface
857,Clarkson Script
858,Edinburgh - SVG Font
859,Original Burger Font
860,Gineva Script Font
861,Nightstar Script
862,Growler Script
863,Brightshine Typeface
864,Harista
865,Coconut - Display Font
866,Routiey Angguer - Handwritten Font HR
867,Handypot - Handwritten Sans Serif Font
868,Summerica Typeface
869,5 in 1 Vintage Font Bundle
870,Peachy & Pure - Typeface
871,Fellow Caps - Handwritten Font
872,Mikelin Family Typeface + Extras
873,Gilligan Shutter Monoline
874,Caramelatte
875,Billystuck Signature
876,Holiday Font
877,Sarisha Script
878,Ashial- Chalky Style
879,Gisellia Font Family
880,Lunchbox Regular
881,Winter Heart Brush
882,SEILOTTA BRUSH SCRIPT
883,Beasty Fonts
884,Wowangle - Brush Font
885,Herbert Lemuel
886,Crasher Script
887,Sortdecsai Brush Script
888,The Douglas Collections
889,Khinta Script
890,Blingtastic Script
891,Ectomorph Script Font
892,Monopola
893,biolatesha
894,Adenium Flower Font
895,Batters Signature
896,Readmitted Script
897,Sobbers Typeface
898,Envato Elements on Instagram
899,Salbatora Script
900,Monttrela Handwritten Font
901,Madering - Classy Script Font
902,Audhistine Font
903,Rustic Station Typeface
904,Casablanka Script
905,worthwhile
906,Glamoush Typeface
907,Marjoram Font
908,Platipus Script
909,Houstander Font Duo
910,Havania - Font Script
911,Marsya Script
912,Tisgic Brushfont
913,Auroline
914,Nuvaticia
915,Blur Sight
916,Abnormal
917,Raisa Script - Logo Font
918,Marbelous Script
919,Avaline Script Bold
920,Bikarosta Typeface
921,Board + Batton
922,Blessings Script Font
923,Amorie Modella Font Family
924,Sobod Typeface
925,Austral Sans
926,Avaline Script Sketch
927,Signature Street
928,Black Spirit
929,Wrist Hand Brush Font
930,Quentin Typeface
931,Trusto - Casual Display Font
932,Ornacle - Futuristic Font
933,Catalina Avalon
934,Foundry - font pack
935,Kentucky Font
936,It's Madison
937,Authentic Layered Fonts
938,Mooglonk Typeface
939,Fractis Typeface Collection
940,Hefalo Brush Script
941,Post Box
942,Heartwell Script Font
943,Boldoa Mat
944,Envato Elements on Pinterest
945,Harris Signature Typeface
946,Solidar Font Family
947,Lovas Modern Script
948,Virmana Script
949,Briella
950,Chocoleta
951,Lodge Script
952,Neato Serif Rough Font Family
953,Adelaide Font
954,Rising Star
955,Pure Dance Brush Font
956,Calligraphy Wedding Decor Font Delight
957,Marthina Script - Two Style
958,Acetylene
959,Its Miss Amber
960,Be Smart Script
961,Hoagie Brush Font
962,Halimun Script Style
963,BornLosers
964,Haste - 3 Handmade Font
965,Maillove
966,Vontens Brush Font
967,Hello Doe - Handwritten Font Duo
968,Serrona Script Font Duo
969,Awakening Script
970,LoveStory - gentle script font
971,Paladise Font & Extras
972,Letter Craft
973,Laura Hellaw Lovely Script Font
974,Ornette
975,Thillends
976,Geraldine | Handwritten Font MS
977,Big Fellas Cute Font
978,DaBrush
979,Sortdecai Handmade Script + Bonus Vector Pack
980,Quick Pick Font
981,Axewell Logotype
982,Akim Marker Typeface
983,Mahogany Script
984,Artilla Script
985,Besttones Signature Font
986,Sweet Brush Font
987,Old Emma
988,Bestters Supply
989,Glitter Script
990,Winter Tales Font Trio + extras
991,Ambergris
992,Peace Maker - Handletter Font
993,Wilderness Scipt MS
994,The Slowbird - Typeface
995,Nightamore - Brush Font
996,Asphalts Typeface
997,Daavi Handmade Sans Serif Font
998,Buffalo
999,Far Out!
1000,Dandeleón font + SWASHES
1001,Adreena Script
1002,Kaitlyn Script
1003,Humblle Rought - Font Duo logotype
1004,Midnight Rider
1005,Handoubt Typeface
1006,Aleandra
1007,Cervanttis Signature Script
1008,Lovina Fonts Family
1009,Ginger Snap
1010,Cheddar Gothic Sans Two Fonts
1011,Madeline Script
1012,Afattal Typeface
1013,Smith Allison Signature Font
1014,Bondkler Playful Font
1015,Sweetline Beautiful Script Font Wedding
1016,Lovely - Handmade Font With Love
1017,Moscato Script
1018,Cochocib Script Latin Pro
1019,Cynthia June
1020,Hello Lijo Font
1021,Bigbroade
1022,Rocket Clouds
1023,Married Typeface
1024,Rustic Towns
1025,Kaiyaland
1026,Befitting Script
1027,Angeline
1028,Meshitara
1029,Excellent Signature Font
1030,Aerials Typeface
1031,Rachelle Script
1032,Coldays Memories Trio Fonts + Webfonts
1033,Jalisco
1034,Brown Choco  Logo Font
1035,Lovile Type
1036,Sail Smith + Webfonts
1037,Solecha Font
1038,Hunny Straw Font Collection
1039,Aesthetik - Handwriting Font
1040,Black Moon
1041,Easy Brush Font
1042,Rissa Typeface
1043,The Historia
1044,Pinkerton + Extra
1045,Lettia
1046,Fairy Tales + Bonus
1047,Arkana Script Typeface
1048,The Florest Typeface - Clean Elegant Stylist Font
1049,Hikaru Asian Font
1050,Humble Script
1051,Lisa Marie
1052,Shingitalis Typeface
1053,Westey
1054,Quacky Font
1055,Leah Gaviota
1056,Qoobly Typeface
1057,Wallsmith
1058,Dexgraffiti Return
1059,Roadhouse blues font
1060,Honebee Script
1061,Silvia Script
1062,Galantis Script
1063,Austra Extended Brush Font
1064,The Bjorke - Handmade Fonts
1065,The Chocobite - Fun Handwritten Font
1066,Single Brand
1067,Fibre - Vintage Font
1068,Lunchbox Slab Ornaments
1069,Wallgate
1070,Supremacy Script Font
1071,Avaline Script Regular
1072,Versaced - Handmade Font
1073,Riverdale
1074,Rhytmic Dances
1075,Top Light Brush Typeface
1076,Portia-Mora Handwritten Luxury / Signature Font
1077,Crushine Wet Brush + Webfonts
1078,Kinemon Brush Font + Swash
1079,Ladylove Script
1080,Shepia Script
1081,Sakra font duo
1082,Julyan + Extras
1083,Rishtee Signature
1084,Brandine
1085,Emellie Script Font
1086,Nicollast Handwritten Brush Font
1087,Archipelago
1088,Paris 1920
1089,Indesign Signature Script YR
1090,Peter Jhons Signature Font
1091,Espresso Font
1092,Zakynthos Font
1093,Hotline
1094,Lenka Morris
1095,Darkside Bold Font
1096,Moon & Chips
1097,Madelina Script
1098,Neptunian
1099,Bird House Script
1100,Macquina
1101,Avaline Extras
1102,Hobacco Extra Vintage Type HR
1103,The Salvador
1104,Frunch
1105,Atlantika
1106,Sandbrush
1107,Ring of Kerry
1108,Pierogies Script
1109,Blomming - Brush Font
1110,NicoleWhite • 8 Pretty Font
1111,DeHangster Typeface
1112,Flawless Script
1113,Haynthams Spacescript 2 in 1 font
1114,Andalusia Script
1115,Claudia Script
1116,Soulmater Typeface
1117,Punk's and Skins Typeface
1118,Hughson Script (8 Fonts)
1119,Ornexo Typeface
1120,Gulya Script
1121,bromello typeface
1122,Andien Nidya - Script & Sans
1123,Brayden Script Family
1124,Salma Alianda - Elegant Font Script
1125,Qindom Brush Fonts
1126,Cherie Bomb
1127,Esmeralda
1128,Summer - Handwriting Font
1129,Bitter Rose - Brush Font (+TEXTURES)
1130,Brightside Typeface
1131,Fabulous
1132,Twister Handwritten Script
1133,Angelova Script
1134,Yusron Concertos
1135,Kiwi Refresher Font Duo
1136,Serendipity Script
1137,Mandatory - Vintage Font Duo
1138,Himalaya Set Type
1139,Rossie Kelly - SVG Font
1140,Highlander marker script
1141,Brownie Brush Font
1142,Kaktoes Script Font
1143,Almonde Script
1144,Truesketch
1145,Cardust - Fun Font RG
1146,Be Grateful Script wedding Signature
1147,Latinbrush Family Typeface
1148,Whitedove Modern Script
1149,Marbella Typeface
1150,Emilia Baker
1151,George Rounded Sans Serif
1152,Guttenbay Brush Typeface
1153,Nirmana Brush Font Wedding
1154,Dreaming Times - Playful Script
1155,Patrick font & Lettering Kit
1156,Itaki - Calligraphic Typeface
1157,Mon Amour Font Duo
1158,Carstenz Vintage Type
1159,Thom Ritz Typeface
1160,BigMom Font Duo
1161,The Lodge Script
1162,Bolden
1163,Riding Monday - Signature Font
1164,Hucklebuck
1165,Estylle Madison Calligraphy
1166,Bloomy Script - Handwritting Font
1167,Kasting Script Signature
1168,Outerlord
1169,Bastielle Script
1170,Mellissa Script
1171,Banaue Handwritten Brush Font
1172,Nomads - The Farmer Original Typeface
1173,Envato Elements on Twitter
1174,The Amish Typeface
1175,Romeo & Juliet Font Duo
1176,Jankador Script
1177,Young Robust Font Duo
1178,Hasty Elegant Font
1179,Keneisha Script
1180,Dreamland | Brush Font MS
1181,Two Adventurers Font
1182,Magnite Brush Script Font
1183,Apashy
1184,Cleverda Script + WebFonts
1185,Austra Uppercase Font
1186,Rustling Trees
1187,Zattoya Signature Typeface
1188,Jarvish Blurry Typeface
1189,Olderman SVG Brush Font
1190,Controwell Victorian Typeface
1191,Sandhya Script
1192,Love Letters
1193,Catherine Sript
1194,Lovetime
1195,Athalia - Modern Calligraphy Script
1196,Wildcats - Copperplate Font
1197,Garlic Salt Font Family
1198,Throug Brush + Webfonts
1199,Deadhead Family
1200,malo
1201,Howie Typeface
1202,Kerape Handwriting Font
1203,Stefhanie Typeface
1204,Tallow Font Collection (10 Fonts!)
1205,Parlour Sans
1206,Stardust Script Typeface
1207,Hisyam Script
